{
  "user": [
    {
      "dataCollection": "1dew",
      "dataStorage": "1wde",
      "dataPreparation": "2dew",
      "dataDevelopment": "2edwwe",
      "dataDeployment": "3edwew",
      "comments": "szfadsfsdf",
      "id": 13
    },
    {
      "dataCollection": "3wedew",
      "dataStorage": "2wed",
      "dataPreparation": "1dewe",
      "dataDevelopment": "3wede",
      "dataDeployment": "2wed",
      "comments": "fdsfdgf",
      "id": 14
    },
    {
      "dataCollection": "1edwe",
      "dataStorage": "2wedw",
      "dataPreparation": "3edwew",
      "dataDevelopment": "1dewe",
      "dataDeployment": "2wdwe",
      "comments": "Comments by sahib",
      "id": 15
    },
    {
      "Safetyques1row1col1": "1",
      "Safetyques1row1col2": "5",
      "Safetyques1row1col3": "2",
      "Safetyques1row1col4": "4",
      "Safetyques1row1col5": "3",
      "Safetyques1row1col6": "meenal",
      "Safetyques2row2col1": "2",
      "Safetyques2row2col2": "4",
      "Safetyques2row2col3": "1",
      "Safetyques2row2col4": "5",
      "Safetyques2row2col5": "3",
      "Safetyques2row2col6": "saini",
      "id": 16
    },
    {
      "Safetyques1row1col1": "1",
      "Safetyques1row1col2": "",
      "Safetyques1row1col3": "",
      "Safetyques1row1col4": "2",
      "Safetyques1row1col5": "",
      "Safetyques1row1col6": "",
      "Safetyques2row2col1": "",
      "Safetyques2row2col2": "",
      "Safetyques2row2col3": "4",
      "Safetyques2row2col4": "",
      "Safetyques2row2col5": "",
      "Safetyques2row2col6": "",
      "id": 17
    },
    {
      "Safetyques1row1col1": "2",
      "Safetyques1row1col2": "",
      "Safetyques1row1col3": "",
      "Safetyques1row1col4": "",
      "Safetyques1row1col5": "",
      "Safetyques1row1col6": "",
      "Safetyques2row2col1": "",
      "Safetyques2row2col2": "",
      "Safetyques2row2col3": "",
      "Safetyques2row2col4": "4",
      "Safetyques2row2col5": "",
      "Safetyques2row2col6": "",
      "id": 18
    },
    {
      "Safetyques1row1col1": "3",
      "Safetyques1row1col2": "4",
      "Safetyques1row1col3": "",
      "Safetyques1row1col4": "",
      "Safetyques1row1col5": "5",
      "Safetyques1row1col6": "frdfr",
      "Safetyques2row2col1": "",
      "Safetyques2row2col2": "",
      "Safetyques2row2col3": "4",
      "Safetyques2row2col4": "",
      "Safetyques2row2col5": "5",
      "Safetyques2row2col6": "",
      "id": 19
    },
    {
      "safety": "3",
      "Safetyques1row1col2": "",
      "Safetyques1row1col3": "",
      "Safetyques1row1col4": "4",
      "Safetyques1row1col5": "",
      "Safetyques1row1col6": "",
      "Safetyques2row2col1": "",
      "Safetyques2row2col2": "4",
      "Safetyques2row2col3": "",
      "Safetyques2row2col4": "2",
      "Safetyques2row2col5": "",
      "Safetyques2row2col6": "",
      "id": 20
    },
    {
      "Safetyques1row1col1": "",
      "Safetyques1row1col2": "",
      "Safetyques1row1col3": "",
      "Safetyques1row1col4": "",
      "Safetyques1row1col5": "",
      "Safetyques1row1col6": "e",
      "Safetyques2row2col1": "4",
      "Safetyques2row2col2": "",
      "Safetyques2row2col3": "",
      "Safetyques2row2col4": "",
      "Safetyques2row2col5": "",
      "Safetyques2row2col6": "frrfe",
      "Safetyques3row3col1": "",
      "Safetyques3row3col2": "",
      "Safetyques3row3col3": "3",
      "Safetyques3row3col4": "",
      "Safetyques3row3col5": "",
      "Safetyques3row3col6": "erfr",
      "Safetyques3row3col7": "",
      "Safetyques4row4col1": "",
      "Safetyques4row4col2": "",
      "Safetyques4row4col3": "",
      "Safetyques4row4col4": "5",
      "Safetyques4row4col5": "",
      "Safetyques4row4col6": "rfe",
      "Safetyques4row4col7": "",
      "id": 21
    },
    {
      "Safetyques1row1col1": "1",
      "Safetyques1row1col2": "2",
      "Safetyques1row1col3": "3",
      "Safetyques1row1col4": "4",
      "Safetyques1row1col5": "5",
      "Safetyques1row1col6": "grgr",
      "Safetyques1row1col7": "",
      "Safetyques2row2col1": "5",
      "Safetyques2row2col2": "4",
      "Safetyques2row2col3": "3",
      "Safetyques2row2col4": "2",
      "Safetyques2row2col5": "1",
      "Safetyques2row2col6": "rtgr",
      "Safetyques2row2col7": "",
      "Safetyques3row3col1": "1",
      "Safetyques3row3col2": "3",
      "Safetyques3row3col3": "3",
      "Safetyques3row3col4": "2",
      "Safetyques3row3col5": "5",
      "Safetyques3row3col6": "rgr",
      "Safetyques3row3col7": "",
      "Safetyques4row4col1": "2",
      "Safetyques4row4col2": "3",
      "Safetyques4row4col3": "4",
      "Safetyques4row4col4": "4",
      "Safetyques4row4col5": "4",
      "Safetyques4row4col6": "gter",
      "Safetyques4row4col7": "",
      "id": 22
    }
  ]
}